{"version": "1", "message": "ERROR: Hidden Testcases server unreachable.", "problem_id": "ads2_m2_a1_1", "user_id": "krishnaja625", "score": {"sample": {"0": {"execution_time": 0.3076794147491455, "passed": true}, "1": {"execution_time": 0.24341893196105957, "passed": true}, "2": {"execution_time": 0.23405861854553223, "passed": true}, "3": {"execution_time": 0.26589298248291016, "passed": true}, "4": {"execution_time": 0.240281343460083, "passed": true}, "5": {"execution_time": 0.26979541778564453, "passed": true}, "6": {"execution_time": 0.23077702522277832, "passed": true}, "7": {"execution_time": 0.2723414897918701, "passed": true}, "8": {"execution_time": 0.23531866073608398, "passed": true}, "9": {"execution_time": 0.26781368255615234, "passed": true}, "10": {"execution_time": 0.25466179847717285, "passed": true}, "11": {"execution_time": 0.2389838695526123, "passed": true}, "12": {"execution_time": 0.2659289836883545, "passed": true}, "13": {"execution_time": 0.23384785652160645, "passed": true}, "14": {"execution_time": 0.23884010314941406, "passed": true}, "15": {"execution_time": 0.2678258419036865, "passed": true}, "16": {"execution_time": 0.2865166664123535, "passed": true}, "17": {"execution_time": 0.3049030303955078, "passed": true}, "18": {"execution_time": 0.303466796875, "passed": true}, "19": {"execution_time": 0.29067063331604004, "passed": true}, "20": {"execution_time": 0.346085786819458, "passed": true}, "21": {"execution_time": 0.24354887008666992, "passed": true}, "22": {"execution_time": 0.378277063369751, "passed": true}, "23": {"execution_time": 0.3627924919128418, "passed": true}}}, "check_style_score": "0/1"}