{"version": "1", "message": "ERROR: Hidden Testcases server unreachable.", "problem_id": "ads2_m6_a1_1", "user_id": "Surya", "score": {"sample": {"0": {"execution_time": 0.3569374084472656, "passed": false}, "1": {"execution_time": 0.3459608554840088, "passed": false}, "2": {"execution_time": 0.36351752281188965, "passed": false}, "3": {"execution_time": 0.33681702613830566, "passed": false}, "4": {"execution_time": 0.3991696834564209, "passed": false}, "5": {"execution_time": 0.3565342426300049, "passed": false}, "6": {"execution_time": 0.3486647605895996, "passed": true}, "7": {"execution_time": 0.35088038444519043, "passed": false}, "8": {"execution_time": 0.348391056060791, "passed": true}, "9": {"execution_time": 0.3296999931335449, "passed": false}, "10": {"execution_time": 0.31716489791870117, "passed": true}, "11": {"execution_time": 0.33168578147888184, "passed": false}}}, "check_style_score": "0/1"}