{"version": "1", "message": "ERROR: Hidden Testcases server unreachable.", "problem_id": "ads2_m6_a1_1", "user_id": "Surya", "score": {"sample": {"0": {"execution_time": 0.30405402183532715, "passed": false}, "1": {"execution_time": 0.30094337463378906, "passed": false}, "2": {"execution_time": 0.3026010990142822, "passed": false}, "3": {"execution_time": 0.29689598083496094, "passed": false}, "4": {"execution_time": 0.3045542240142822, "passed": false}, "5": {"execution_time": 0.31624388694763184, "passed": false}, "6": {"execution_time": 0.2968559265136719, "passed": false}, "7": {"execution_time": 0.3294360637664795, "passed": false}, "8": {"execution_time": 0.3162875175476074, "passed": false}, "9": {"execution_time": 0.3548920154571533, "passed": false}, "10": {"execution_time": 0.46973323822021484, "passed": false}, "11": {"execution_time": 0.3563113212585449, "passed": false}}}, "check_style_score": "0/1"}