{"version": "1", "message": "ERROR: Hidden Testcases server unreachable.", "problem_id": "ads2_m6_a1_1", "user_id": "Surya", "score": {"sample": {"0": {"execution_time": 0.3398468494415283, "passed": false}, "1": {"execution_time": 0.37065744400024414, "passed": false}, "2": {"execution_time": 0.3316762447357178, "passed": false}, "3": {"execution_time": 0.3503718376159668, "passed": false}, "4": {"execution_time": 0.5088489055633545, "passed": false}, "5": {"execution_time": 0.3369266986846924, "passed": false}, "6": {"execution_time": 0.33571815490722656, "passed": false}, "7": {"execution_time": 0.3420445919036865, "passed": false}, "8": {"execution_time": 0.351839542388916, "passed": false}, "9": {"execution_time": 0.35567426681518555, "passed": false}, "10": {"execution_time": 0.33989548683166504, "passed": false}, "11": {"execution_time": 0.3478519916534424, "passed": false}}}, "check_style_score": "0/1"}