{"version": "1", "message": "ERROR: Hidden Testcases server unreachable.", "problem_id": "ads2_m16_a1_1", "user_id": "SupriyaMadupathi", "score": {"sample": {"0": {"execution_time": 0.488114595413208, "passed": true}, "1": {"execution_time": 0.5478391647338867, "passed": true}, "2": {"execution_time": 0.5897126197814941, "passed": true}, "3": {"execution_time": 0.6689791679382324, "passed": true}, "4": {"execution_time": 1.1768074035644531, "passed": true}, "5": {"execution_time": 0.5365190505981445, "passed": true}, "6": {"execution_time": 1.086841106414795, "passed": true}, "7": {"execution_time": 0.5760385990142822, "passed": true}, "8": {"execution_time": 0.5787539482116699, "passed": true}, "9": {"execution_time": 0.8296999931335449, "passed": true}, "10": {"execution_time": 0.5657522678375244, "passed": true}, "11": {"execution_time": 6.821114778518677, "passed": true}, "12": {"execution_time": 1.07749342918396, "passed": true}, "13": {"execution_time": 0.46814751625061035, "passed": true}, "14": {"execution_time": 0.6104705333709717, "passed": true}, "15": {"execution_time": 1.0967118740081787, "passed": true}, "16": {"execution_time": 0.3316657543182373, "passed": true}, "17": {"execution_time": 0.5910582542419434, "passed": true}, "18": {"execution_time": 0.5917673110961914, "passed": true}, "19": {"execution_time": 0.36864233016967773, "passed": true}, "20": {"execution_time": 0.6596601009368896, "passed": true}, "21": {"execution_time": 0.5307576656341553, "passed": true}, "22": {"execution_time": 0.35686564445495605, "passed": true}, "23": {"execution_time": 0.3741109371185303, "passed": true}, "24": {"execution_time": 0.47101902961730957, "passed": true}, "25": {"execution_time": 1.292417287826538, "passed": true}, "26": {"execution_time": 0.7512087821960449, "passed": true}, "27": {"execution_time": 1.3293962478637695, "passed": true}, "28": {"execution_time": 1.9671218395233154, "passed": true}, "29": {"execution_time": 0.32689332962036133, "passed": true}}}, "check_style_score": "0/1"}