{"version": "1", "message": "ERROR: Hidden Testcases server unreachable.", "problem_id": "ads2_m16_a1_1", "user_id": "Anisha-Vulli", "score": {"sample": {"0": {"execution_time": 0.4467947483062744, "passed": true}, "1": {"execution_time": 0.4626150131225586, "passed": true}, "2": {"execution_time": 0.8962686061859131, "passed": true}, "3": {"execution_time": 0.8734219074249268, "passed": true}, "4": {"execution_time": 0.8751652240753174, "passed": true}, "5": {"execution_time": 0.8876128196716309, "passed": true}, "6": {"execution_time": 0.9070508480072021, "passed": true}, "7": {"execution_time": 0.8802201747894287, "passed": true}, "8": {"execution_time": 0.49926161766052246, "passed": true}, "9": {"execution_time": 0.8798251152038574, "passed": true}, "10": {"execution_time": 0.8531084060668945, "passed": true}, "11": {"execution_time": 4.890154123306274, "passed": true}, "12": {"execution_time": 0.8874766826629639, "passed": true}, "13": {"execution_time": 0.4126102924346924, "passed": true}, "14": {"execution_time": 0.8782529830932617, "passed": true}, "15": {"execution_time": 0.9122133255004883, "passed": true}, "16": {"execution_time": 0.4997413158416748, "passed": true}, "17": {"execution_time": 0.5020875930786133, "passed": true}, "18": {"execution_time": 0.5178394317626953, "passed": true}, "19": {"execution_time": 0.7555043697357178, "passed": true}, "20": {"execution_time": 0.584820032119751, "passed": true}, "21": {"execution_time": 0.5300300121307373, "passed": true}, "22": {"execution_time": 0.5060827732086182, "passed": true}, "23": {"execution_time": 0.489215612411499, "passed": true}, "24": {"execution_time": 0.3989865779876709, "passed": true}, "25": {"execution_time": 1.1306686401367188, "passed": true}, "26": {"execution_time": 0.8870477676391602, "passed": true}, "27": {"execution_time": 1.0927557945251465, "passed": true}, "28": {"execution_time": 1.5101864337921143, "passed": true}, "29": {"execution_time": 0.363602876663208, "passed": true}}}, "check_style_score": "1/1"}