{"version": "1", "message": "ERROR: Hidden Testcases server unreachable.", "problem_id": "ads2_m4_a1_1", "user_id": "Surya", "score": {"sample": {"0": {"execution_time": 0.33969593048095703, "passed": true}, "1": {"execution_time": 0.3329629898071289, "passed": false}, "2": {"execution_time": 0.3927724361419678, "passed": false}, "3": {"execution_time": 0.46373605728149414, "passed": false}, "4": {"execution_time": 0.31030821800231934, "passed": false}, "5": {"execution_time": 0.3279428482055664, "passed": false}, "6": {"execution_time": 0.3356027603149414, "passed": false}, "7": {"execution_time": 0.4844679832458496, "passed": false}, "8": {"execution_time": 0.323138952255249, "passed": true}, "9": {"execution_time": 0.29483985900878906, "passed": true}, "10": {"execution_time": 0.2693166732788086, "passed": true}, "11": {"execution_time": 0.27915191650390625, "passed": true}, "12": {"execution_time": 0.27661800384521484, "passed": true}, "13": {"execution_time": 1.725013017654419, "passed": false}, "14": {"execution_time": 0.2636713981628418, "passed": true}}}, "check_style_score": "0/1"}