{"version": "1", "message": "ERROR: Hidden Testcases server unreachable.", "problem_id": "ads2_m4_a1_1", "user_id": "Surya", "score": {"sample": {"0": {"execution_time": 0.3285386562347412, "passed": true}, "1": {"execution_time": 0.38880491256713867, "passed": false}, "2": {"execution_time": 0.4438045024871826, "passed": false}, "3": {"execution_time": 0.39147186279296875, "passed": false}, "4": {"execution_time": 0.32776641845703125, "passed": false}, "5": {"execution_time": 0.3065910339355469, "passed": false}, "6": {"execution_time": 0.29574084281921387, "passed": false}, "7": {"execution_time": 0.31850385665893555, "passed": false}, "8": {"execution_time": 0.5017831325531006, "passed": true}, "9": {"execution_time": 0.3048379421234131, "passed": true}, "10": {"execution_time": 0.2879624366760254, "passed": true}, "11": {"execution_time": 0.2751481533050537, "passed": true}, "12": {"execution_time": 0.2947118282318115, "passed": true}, "13": {"execution_time": 1.8412928581237793, "passed": false}, "14": {"execution_time": 0.2908742427825928, "passed": true}}}, "check_style_score": "0/1"}