{"version": "1", "message": "ERROR: Hidden Testcases server unreachable.", "problem_id": "ads2_m4_a1_1", "user_id": "swapnika-20186045", "score": {"sample": {"0": {"execution_time": 0.5270383358001709, "passed": true}, "1": {"execution_time": 0.38480687141418457, "passed": true}, "2": {"execution_time": 0.42362189292907715, "passed": true}, "3": {"execution_time": 0.4651210308074951, "passed": true}, "4": {"execution_time": 0.3699679374694824, "passed": true}, "5": {"execution_time": 0.4842972755432129, "passed": true}, "6": {"execution_time": 0.3754117488861084, "passed": true}, "7": {"execution_time": 0.3703649044036865, "passed": true}, "8": {"execution_time": 0.3924996852874756, "passed": true}, "9": {"execution_time": 0.34615325927734375, "passed": true}, "10": {"execution_time": 0.32970094680786133, "passed": true}, "11": {"execution_time": 0.3421902656555176, "passed": true}, "12": {"execution_time": 0.3327176570892334, "passed": true}, "13": {"execution_time": 1.9812090396881104, "passed": true}, "14": {"execution_time": 0.3315417766571045, "passed": true}}}, "check_style_score": "0/1"}