{"version": "1", "message": "ERROR: Hidden Testcases server unreachable.", "problem_id": "ads2_m4_a1_1", "user_id": "Surya", "score": {"sample": {"0": {"execution_time": 0.33089637756347656, "passed": true}, "1": {"execution_time": 0.3364863395690918, "passed": false}, "2": {"execution_time": 0.36508822441101074, "passed": false}, "3": {"execution_time": 0.406574010848999, "passed": false}, "4": {"execution_time": 0.299755334854126, "passed": false}, "5": {"execution_time": 0.33056211471557617, "passed": false}, "6": {"execution_time": 0.30545949935913086, "passed": false}, "7": {"execution_time": 0.31181883811950684, "passed": false}, "8": {"execution_time": 0.34895920753479004, "passed": true}, "9": {"execution_time": 0.27541637420654297, "passed": true}, "10": {"execution_time": 0.28730082511901855, "passed": true}, "11": {"execution_time": 0.28488612174987793, "passed": true}, "12": {"execution_time": 0.30087780952453613, "passed": true}, "13": {"execution_time": 1.8309977054595947, "passed": false}, "14": {"execution_time": 0.27461957931518555, "passed": true}}}, "check_style_score": "0/1"}